﻿Abdelsadek;Mohamed
Allievi;Alessandro
Balconi;Lorenzo
Biffi;Corrado
Brambilla;Filippo
Caramaschi;Niccolò
Crippa;Lorenzo
Esposito;Andrea
Esposito;Annachiara
Fragnelli;Riccardo
Galbusera;Giorgia
Garofoli;Andrea
Grimani;Alessandro
Imperatrice;Fabrizio
Maiga;David
Montone;Laura
Pacheco;Camilly
Penati;Marco
Penati;Matteo
Pianelli;Luca
Rogazzo;Mario
Ronchi;Jacopo
Schiavolin;Lorenzo
Terranova;Chiara
Valtolina;Cristian
Zairi;Iman
Banani;Fahd
Basile;Christian
Brambilla;Carlo
Brambilla;Federico
Brioschi;Gabriele
Germanò;Riccardo
Grassi;Arianna
Hoxha;Visar
Kuka;Blerina
La Rosa;Abraham
Locati;Giulia
Meterangelo;Chiara
Pulvirenti;Giorgia
Rossetti;Gabriele
Sambo;Luigi
Sangalli;Alessandro
Sfondrini;Diego
Tarboush;Andrea
Tieni;Ilaria
Tornaghi;Francesca
Villa;Sofia
Zairi;Kassim
Brescia;Giada
Camnasio;Davide
Ceresoli;Veronica
Contini;Federico
Cuciniello;Simone
Curci;Beatrice
Di Finizio;Samuele
Fascilla;Enea
Fedeli;Gaia
Garavaglia;Alessandro
Ghisleni;Andrea
Gianni;Giorgia
Gjata;Elfrida
Imperatrice;Tiziano
Mattarooa;Asha
Montrasio;Alessandro
Perera;Chiara
Prosperi;Carolina
Riccobelli;Giacomo
Villa;Martina
Vivenzio;Francesco
Amici;Ester
Biella;Marta
Brescia;Valentina
Carolla;Matteo
Cereda;Luca
Cunegatti;Gabriele
De Bella;Ilaria
De Vecchi;Filippo
Galimberti;Andrea
Germanò;Matteo
Gubellini;Giulia
Maconi;Filippo
Mariani;Matteo
Mattavelli;Andrea
Passoni;Giorgia
Pirovano;Bianca
Rudi;Roberto
Tezza;Matteo
Varisco;Marco
Arosio;Silvia
Besana;Tommaso
Carrettiero;Francesco
Corti;Camilla
Fulco;Federico
Gelmetti;Chiara
Grassi;Davide
Maggioni;Marco
Mandelli;Andrea
Mattavelli;Shankar
Mauri;Riccardo
Merlo;Daniela
Perego;Lorenzo
Redaelli;Giulia
Rozzoni;Lorenzo
Sardi;Elena
Secci;Yoan
Sommavilla;Federico
Tiraboschi;Lorenzo
Toffoli;Andrea
Valsecchi;Gabriele
Villa;Davide
Vismara;Davide
Zlate;Razvan
Bauce;Nicolò
Beretta;Ivan
Carzaniga;Daniel
Cazzaniga;Matteo
Comi;Emanuele
Crespi;Emma
De Braco;Cristal
Di Salvo;Antonino
Dossi;Emanuele
Emuli;Silvia
Fumagalli;Marco
Gambini;Lorenzo
Grassi;Filippo
Imasuen;Spencer
Moroni;Stefano
Palumbo;Giada
Perego;Davide
Sanna;Lorenzo
Schievano;Davide
Secchi;Giacomo
Stegagno;Federica
Toffoli;Simone
Valsecchi;Edoardo
Albani;Nicolò
Brambilla;Matteo
Chinosi;Alessandra
Clementi;Matteo
Gaviraghi;Caterina
Leali;Carlo
Mandelli;Francesco
Margutti;Simone
Monsurrò;Daniele
Panaro;Marco
Pazzini;Mirko
Rispo;Sara
Schena;Federico
Signorini;Silvia
Villa;Arianna
Villa;Riccardo
Allegrini;Tommaso
Amari;Giacomo
Borroni;Alberto
Brambilla;Mattia
Colasurdo;Giacomo
Corsiglia;Riccardo
Crivalli;Francesca
Se Tommaso;Maria
Donadoni;Francesco
Fontana;Davide
Mauri;Nicolò
Montrasio;Alberto
Orsenigo;Andrea
Pensalfini;Fabio
Perego;Alice
Pinaffo;Federica
Ronchi;Gianluca
Rota;Andrea
Spinzi;Riccardo
Sponcichetti;Davide
Stucchi;Mattia
Teta;Alesia
Torri;Chiara
Tria;Francesca
Bellani;Martina
Bertelli;Sofia
Carzaniga;Daniel
Casadei;Tommaso
Colfi;Andrea
Comotti;Carlo
Ferrera;Giovanni
Gislon;Federico
Hu;Federico
Malavenda;Davide
Mauri;Lorenzo
Melzi;Francesco
Missaglia;Lorenzo
Nova;Giorgio
Ortolina;Riccardo
Porati;Mirko
Posante;Andrea
Radelli;Ilan
Riva;Mattia
Sassano;Giuseppe
Spada;Micaela
Varisco;Lorenzo
Wong;Hu Mu
Zanasi;Tommaso
