Bergonzi;Martina
Borghesan;Giorgia
Carrettiero;Filippo
Casanova;Patrick
Compagnoni;Andrea
Di Valentin;Simone
Faustini;Mattia
Grigoli;Edoardo
Lintas;Sara
Manzotti;Luca
Mazzoleni;Davide
Monzani;Mario
Origo;Gabriele
Pagano;Gabriele
Perani;Matilde
Perego;Davide
Puertas;Arianna
Russo;Marco
Sala;Edoardo
Simone;Gabriele
Stucchi;Leonardo
Tuscano;Alice
Wu;Yiqin
Zaninello;Bruno
Adriatiku;Teodor
Bigi;Lorenzo
Caliandro;Tommaso
Cavenaghi;Sara
Cesati;Loris
Cividini;Lorenzo
Vitiello;Diego
Gervasoni;Alessio
Imbriani;Margherita
Kume;Mateo
Lazzarini;Giacomo
Locci;Alessandro
Lopriore;Chiara
Mantegazza;Daniele
Perazzo;Alessandro
Perego;Luca
Piani;Asja
Ripamonti;Gaia
Ronchi;Riccardo
Rota;Leonardo
Scalia;Chiara
Spiga;Alessandro
Stani;Lorenzo
Traina;Mirea
Tresoldi;Letizia
Trimbaci;Daniel
